{
  "pricing_errors": [
    0.03672817064791658,
    0.03471992381384948,
    0.013470728681406826,
    0.04165338223815962,
    0.008713685591653423,
    0.020536869520532727,
    0.050639856972061914,
    0.02158516357223695,
    0.017185846702008435,
    0.011548886845317732
  ],
  "ffn_times": [
    0.06994485855102539,
    0.03169107437133789,
    0.03061699867248535,
    0.06785774230957031,
    0.03034377098083496,
    0.02977609634399414,
    0.02934098243713379,
    0.03294801712036133,
    0.03737211227416992,
    0.028487205505371094
  ],
  "lbfgs_times": [
    62.204901695251465,
    121.28024697303772,
    96.46638989448547,
    96.9368839263916,
    58.83747887611389,
    129.3958179950714,
    120.9612352848053,
    145.5931122303009,
    210.77528405189514,
    95.93557620048523
  ],
  "total_times": [
    62.34447479248047,
    121.38237810134888,
    96.56629180908203,
    97.07487988471985,
    58.93750977516174,
    129.49522304534912,
    121.0599958896637,
    145.69535493850708,
    210.88983917236328,
    96.03244519233704
  ],
  "improvements": [
    99.73115333489525,
    99.7379924341839,
    99.90805538660177,
    99.30660598628968,
    99.84696755763255,
    99.80243492616404,
    99.16166272216633,
    99.8827869680926,
    99.78705186430432,
    99.92920351029161
  ],
  "ffn_errors": [
    13.661382272905504,
    13.25149665266495,
    14.650916658991237,
    6.007173614792938,
    5.694011973442907,
    10.394989924982463,
    6.040511177424808,
    18.415327392340256,
    8.070437736335887,
    16.312795864442446
  ],
  "statistics": {
    "mean_error": 0.025678251458514368,
    "std_error": 0.013542179563559634,
    "median_error": 0.02106101654638484,
    "min_error": 0.008713685591653423,
    "max_error": 0.050639856972061914,
    "mean_time": 113.94783926010132,
    "std_time": 41.653393919234446,
    "mean_improvement": 99.70939146906221
  }
}