{
  "pricing_errors": [
    0.019951934304708298,
    0.050605707197613856,
    0.021427257748527107,
    0.017699851144553358,
    0.008252252617580313
  ],
  "total_times": [
    85.41377210617065,
    131.70672011375427,
    88.6962959766388,
    91.71202492713928,
    191.5240728855133
  ],
  "iterations": [
    45,
    79,
    87,
    100,
    98
  ],
  "success_count": 5,
  "statistics": {
    "mean_error": 0.023587400602596585,
    "std_error": 0.014266756645844047,
    "median_error": 0.019951934304708298,
    "mean_time": 117.81057720184326,
    "std_time": 40.509532251650214,
    "median_time": 91.71202492713928,
    "success_rate": 1.0
  }
}